Accuracy,Precision,Recall,F-Score,AUC,Average Log Loss,Training Log Loss
0.70796943231441,0.650695517774343,0.576712328767123,0.611474219317357,0.746752479924421,0.579121670487612,13.8707929552092
